eid,ename,gender,age,salary,department,address
1001,caoweijun,male        ,50,1600,Security Department,1819 Hallows Park
1002,caoyajun,male        ,48,1510,Security Department,1421 Crescent Oaks Circle
1003,caoyi,male        ,38,820,Security Department,46 Ryan Court
1004,chenjian,male        ,42,820,Security Department,56473 Upham Terrace
1005,chenxia,female        ,44,740,Security Department,6 Shopko Center
1006,dinghailin,male        ,42,820,Security Department,377 Brentwood Court
1007,dingzhiguo,male        ,42,820,Security Department,7 Kropf Alley
1008,dongfei,male        ,32,740,Security Department,8397 Sundown Trail
1009,fanhaihong,male        ,51,1310,Security Department,5 Waywood Trail
1010,fannaijiang,male        ,55,1600,Security Department,77 Helena Parkway
1011,fuqinhua,female        ,45,860,Security Department,0696 Helena Center
1012,gebinghong,male        ,59,1190,Security Department,580 North Park
1013,hanjianwei,male        ,47,860,Security Department,1 Logan Park
1014,hanliangjun,male        ,37,780,Security Department,0662 Buena Vista Way
1015,herunpei,male        ,51,640,Security Department,38364 Tennessee Alley
1016,jiangjiexin,male        ,34,940,Security Department,43 Gina Point
1017,jinyonglin,male        ,57,1070,Security Department,861 Birchwood Place
1018,laoguoping,female        ,47,860,Security Department,58 Florence Parkway
1019,laolianjun,male        ,49,1070,Security Department,08982 Merry Avenue
1020,leiwubao,male        ,56,1310,Security Department,9 Weeping Birch Plaza
1021,lishengjun,male        ,41,940,Security Department,7 Brentwood Trail
1022,lixiang,male        ,48,1600,Security Department,79 Merry Hill
1023,lujianqiang,male        ,46,1650,Security Department,353 Bonner Junction
1024,mohaiming,male        ,40,780,Security Department,1 Village Green Point
1025,qianliang,male        ,37,780,Security Department,4734 Burrows Street
1026,qinfuming,male        ,56,900,Security Department,297 Goodland Terrace
1027,qinhongli,female        ,48,870,Security Department,8 Westerfield Hill
1028,shenguigen,male        ,61,780,Security Department,69 Dexter Crossing
1029,shenguorong,male        ,49,870,Security Department,13503 Graceland Court
1030,shenyegen,male        ,48,870,Security Department,22 Hallows Terrace
1031,shijianhua,male        ,48,1600,Security Department,56 Armistice Court
1032,shouruguo,male        ,58,1070,Security Department,842 Portage Junction
1033,sunchengying,male        ,57,740,Security Department,3159 Fisk Center
1034,tuhangli,female        ,59,1400,Security Department,0971 Sachtjen Alley
1035,wangdashu,male        ,45,780,Security Department,4149 Crownhardt Circle
1036,wangbaodong,male        ,43,740,Security Department,737 Hudson Crossing
1037,wanghuiqin,female        ,49,870,Security Department,5 Everett Center
1038,wangjufen,female        ,48,870,Security Department,6922 Talisman Park
1039,weicen,male        ,49,1600,Security Department,2 Rowland Hill
1040,weizhixiang,male        ,58,870,Security Department,5 Judy Park
1041,wudingsheng,male        ,46,1190,Security Department,378 Bayside Way
1042,wuguomin,male        ,57,870,Security Department,15 Elmside Junction
1043,xialing,female        ,47,860,Security Department,0 La Follette Circle
1044,xiebing,male        ,42,820,Security Department,82 Canary Avenue
1045,xiejun,male        ,50,870,Security Department,5 Truax Crossing
1046,xuguangming,male        ,61,940,Security Department,8671 Warner Center
1047,xuliang,male        ,29,1190,Security Department,2730 Toban Center
1048,xuzhonghua,male        ,50,1070,Security Department,00 Vernon Point
1049,yanyongmei,female        ,44,860,Security Department,7 Sunnyside Pass
1050,yaoguoming,male        ,56,980,Security Department,1 Hauk Alley
1051,yaolinshu,male        ,50,640,Security Department,1501 Glendale Hill
1052,yebaoguo,male        ,54,1070,Security Department,7 Barnett Junction
1053,yejian,male        ,42,820,Security Department,9255 Lukken Street
1054,fangliangdong,male        ,36,780,Security Department,112 Scoville Center
1055,fangweiyong,male        ,51,1070,Security Department,2 Arkansas Avenue
1056,yuyanfei,female        ,47,860,Security Department,23226 Coolidge Park
1057,yuzhongming,male        ,50,870,Security Department,34 Waubesa Terrace
1058,zhangjuxiang,female        ,50,870,Security Department,614 Shopko Street
1059,zhangwei,male        ,56,870,Security Department,9187 Muir Road
1060,zhangdigao,male        ,58,870,Security Department,474 Cordelia Way
1061,zhengzhihong,male        ,58,740,Security Department,69096 Autumn Leaf Pass
1062,zhengzhiyong,male        ,53,1600,Security Department,6 Prairieview Street
1063,zhongmin,male        ,54,740,Security Department,23 Prentice Avenue
1064,zhoujun,male        ,47,1060,Security Department,91109 3rd Crossing
1065,chenmeijuan,female        ,51,1650,Security Department,22 Lotheville Crossing
1066,luoyanru,female        ,33,1650,Security Department,1248 Waywood Crossing
1067,shenliping,female        ,43,860,Security Department,436 Cody Drive
1068,xuxianying,female        ,44,1310,Security Department,38916 Farmco Avenue
1069,chenliping,female        ,55,1600,Financial Department,172 Springview Avenue
1070,feijianfang,female        ,45,1160,Financial Department,07 Farwell Lane
1071,liaowenqun,female        ,47,1160,Financial Department,96 Manufacturers Court
1072,lufengqin,female        ,45,860,Financial Department,26 Oak Parkway
1073,shenhong,female        ,45,940,Financial Department,55 1st Trail
1074,wuyufang,female        ,48,1170,Financial Department,13 Green Parkway
1075,yuliya,female        ,38,940,Financial Department,8 Oriole Parkway
1076,yuhongjuan,female        ,33,740,Financial Department,91426 Corscot Road
1077,zhouqin,female        ,40,1120,Financial Department,86 Morningstar Court
1078,zhujinmei,female        ,46,1160,Financial Department,0 Dryden Park
1079,zhuxiaochun,female        ,49,1160,Financial Department,43200 Mariners Cove Court
1080,chenhaihu,male        ,57,870,Official Department,85 Havey Place
1081,chenxiaoming,male        ,38,5000,Official Department,9377 Melody Lane
1082,wuhuijuan,female        ,55,2500,Official Department,0 South Circle
1083,xutangying,female        ,51,850,Official Department,57576 Lotheville Road
1084,shenbiao,male        ,45,3500,Official Department,8699 Clyde Gallagher Drive
1085,shenying,female        ,47,1600,Official Department,1 Melody Terrace
1086,wangshangen,male        ,57,1600,Official Department,5 Thierer Pass
1087,weizhiqing,male        ,68,2500,Official Department,39 Hallows Court
1088,xiehuiyong,male        ,48,1600,Official Department,07752 Eastwood Point
1089,xufang,female        ,36,980,Official Department,018 Erie Crossing
1090,yeling,female        ,36,960,Official Department,831 Hauk Crossing
1091,yujihong,male        ,48,1600,Official Department,48 Darwin Terrace
1092,zhangjie,male        ,39,740,Official Department,10 Mcguire Avenue
1093,wenglijun,female        ,40,740,Official Department,5 Cottonwood Avenue
1094,chenwenbiao,male        ,49,1710,Official Department,1956 Stephen Court
1095,gaojianguo,male        ,49,1710,Official Department,3 Main Terrace
1096,huangweikui,male        ,40,1510,Official Department,46 Pond Circle
1097,chenli,male        ,52,600,Official Department,7041 Forest Court
1098,maoyuxin,male        ,53,1600,Official Department,92 Grover Crossing
1099,xumin,male        ,39,820,Official Department,824 Elka Alley
1100,wangyi,female        ,39,1200,Official Department,24578 Warner Plaza
1101,xuyan,female        ,42,820,Official Department,86589 Jay Hill
1102,dongbaoying,female        ,43,1650,Peace Hotel,9553 Hayes Place
1103,heqing,female        ,39,960,Peace Hotel,03676 Hoepker Terrace
1104,shitianshun,male        ,40,1650,Peace Hotel,7028 New Castle Lane
1105,sunmenglei,female        ,40,1650,Peace Hotel,9 Nobel Point
1106,wangxinrong,male        ,50,1680,Peace Hotel,81 Pierstorff Road
1107,wengchunmei,female        ,46,850,Peace Hotel,62424 Eliot Street
1108,zhouyan,female        ,43,850,Peace Hotel,0269 Hollow Ridge Center
1109,dingjianhua,male        ,59,600,Peace Hotel,3 Summer Ridge Point
1110,hanjiangtao,male        ,32,1650,Peace Hotel,66625 Debra Park
1111,jinlipeng,male        ,49,600,Peace Hotel,83 Derek Hill
1112,liguomin,male        ,49,850,Peace Hotel,1835 Sachs Road
1113,liguoxiang,male        ,59,600,Peace Hotel,44908 Golf Course Parkway
1114,liwenjing,female        ,47,1210,Peace Hotel,412 Goodland Drive
1115,marugen,male        ,60,1860,Peace Hotel,4 8th Road
1116,mengzhaobing,male        ,50,850,Peace Hotel,86 Hintze Alley
1117,pengminzhou,male        ,47,850,Peace Hotel,441 Bayside Plaza
1118,sunyunqing,female        ,45,1650,Peace Hotel,36 Bonner Junction
1119,wangjiandong,male        ,45,780,Peace Hotel,03 Kipling Point
1120,wangxiulei,male        ,44,960,Peace Hotel,7 Ruskin Drive
1121,xiezhirong,male        ,56,1600,Peace Hotel,8 Superior Park
1122,zhangjianping,male        ,56,1650,Peace Hotel,0218 Autumn Leaf Trail
1123,caoguangxia,female        ,40,1310,Peace Hotel,18602 Summer Ridge Road
1124,danjiulin,female        ,42,1310,Peace Hotel,22 Laurel Drive
1125,fanghuamei,female        ,42,850,Peace Hotel,42 Tennyson Plaza
1126,hongxindi,female        ,48,960,Peace Hotel,8 Park Meadow Street
1127,huweihong,female        ,41,1310,Peace Hotel,5 Arrowood Hill
1128,huangyan,female        ,41,960,Peace Hotel,25 Eggendart Junction
1129,lishuling,female        ,49,960,Peace Hotel,6 5th Pass
1130,luyongsheng,male        ,50,870,Peace Hotel,564 Rowland Road
1131,luoqingyu,female        ,40,850,Peace Hotel,48 Homewood Road
1132,ningliqing,female        ,50,850,Peace Hotel,119 Cardinal Alley
1133,pudongqiong,female        ,45,1190,Peace Hotel,748 American Ash Pass
1134,shimeixia,female        ,43,1310,Peace Hotel,936 Ruskin Alley
1135,wumeiqin,female        ,48,960,Peace Hotel,12 Dixon Circle
1136,wuxianyuan,female        ,42,600,Peace Hotel,48067 Schurz Alley
1137,wuyuexia,female        ,45,1100,Peace Hotel,9156 Towne Hill
1138,xiangbin,female        ,53,1700,Peace Hotel,389 Porter Junction
1139,xujing,female        ,50,850,Peace Hotel,6081 Merrick Drive
1140,yangqingmei,female        ,44,1100,Peace Hotel,0763 Dexter Drive
1141,yangyanjuan,female        ,43,850,Peace Hotel,7380 Dryden Center
1142,yaoyuanju,female        ,46,850,Peace Hotel,098 Talmadge Street
1143,yuqianli,female        ,44,850,Peace Hotel,6332 Rieder Circle
1144,zengyanping,female        ,37,960,Peace Hotel,0091 Melrose Point
1145,zhangxuemei,female        ,43,1100,Peace Hotel,46755 Hanson Alley
1146,zhuguolan,female        ,45,1100,Peace Hotel,0 Prentice Crossing
1147,zouxiaoqun,female        ,39,960,Peace Hotel,7735 Commercial Junction
1148,caojun,male        ,47,850,Peace Hotel,93 Thackeray Alley
1149,chenjianping,male        ,50,850,Peace Hotel,4566 Arizona Avenue
1150,chengminghai,male        ,46,850,Peace Hotel,24 Manley Circle
1151,fengzhixiang,male        ,59,850,Peace Hotel,6 Helena Pass
1152,qianweiqin,male        ,48,850,Peace Hotel,4 Bobwhite Circle
1153,shenxu,male        ,48,850,Peace Hotel,24022 Maple Wood Parkway
1154,chendongxing,male        ,48,850,Peace Hotel,0 Merchant Terrace
1155,hezaihong,female        ,46,1650,Peace Hotel,39969 Nevada Road
1156,huangping,female        ,45,850,Peace Hotel,5740 Steensland Court
1157,jijinchun,male        ,45,850,Peace Hotel,4318 Moose Drive
1158,liguoyou,male        ,48,1500,Peace Hotel,2876 Park Meadow Hill
1159,liuzhan,male        ,33,1100,Peace Hotel,421 Eagan Trail
1160,liuxiaoying,female        ,33,1650,Peace Hotel,93 Starling Place
1161,shiaifang,female        ,33,1200,Peace Hotel,10 Dunning Junction
1162,songyuanxiang,female        ,51,1100,Peace Hotel,3 Cottonwood Place
1163,wangdan,female        ,35,1310,Peace Hotel,44 Eastwood Parkway
1164,wanghui,female        ,39,960,Peace Hotel,2116 Sunfield Hill
1165,wangwenqing,female        ,26,1650,Peace Hotel,8850 Mendota Pass
1166,xuyan,female        ,41,850,Peace Hotel,05 Hollow Ridge Center
1167,yangxiaojuan,female        ,34,1310,Peace Hotel,77048 Village Alley
1168,yudandan,female        ,42,850,Peace Hotel,1973 Dayton Circle
1169,zhanghaoran,male        ,21,1650,Peace Hotel,3 Crescent Oaks Street
1170,zhangjianfen,female        ,47,1650,Peace Hotel,4122 Hanover Center
1171,chenaidi,female        ,39,940,Exhibition Center,1939 Meadow Valley Junction
1172,chenlirong,female        ,46,860,Exhibition Center,8647 Derek Avenue
1173,chenmaolin,male        ,46,1600,Exhibition Center,30494 Menomonie Terrace
1174,chenxiaolong,male        ,52,780,Exhibition Center,52778 Esker Park
1175,chenyijun,male        ,47,1160,Exhibition Center,822 Butternut Junction
1176,chenyong,male        ,34,740,Exhibition Center,37175 Dapin Street
1177,chengtianfu,male        ,30,900,Exhibition Center,4 Weeping Birch Point
1178,dongzhiqing,male        ,51,1600,Exhibition Center,9 Hovde Park
1179,fangyongliang,male        ,56,740,Exhibition Center,14366 Menomonie Crossing
1180,gaoqiuxiang,male        ,26,1860,Exhibition Center,590 Dayton Trail
1181,hanzhiqing,male        ,46,900,Exhibition Center,1 Artisan Avenue
1182,jiangjuhua,female        ,49,1040,Exhibition Center,97 Toban Place
1183,kongxiaohong,female        ,49,740,Exhibition Center,21747 3rd Pass
1184,liping,female        ,47,860,Exhibition Center,61819 Granby Court
1185,luliya,female        ,54,1600,Exhibition Center,2840 Bashford Terrace
1186,luoyan,female        ,40,740,Exhibition Center,91 Bunker Hill Pass
1187,mayanya,female        ,35,1600,Exhibition Center,4 Southridge Circle
1188,pingxiaobing,male        ,45,1310,Exhibition Center,43 Memorial Lane
1189,qichunxi,male        ,39,1600,Exhibition Center,0334 Everett Trail
1190,shiguirong,male        ,56,2500,Exhibition Center,406 Dawn Lane
1191,shiliang,male        ,33,1650,Exhibition Center,575 North Road
1192,sunrongtang,male        ,56,870,Exhibition Center,07 Springview Road
1193,wangjianmin,male        ,54,1040,Exhibition Center,19193 Heath Pass
1194,wangguomin,male        ,50,1600,Exhibition Center,3 Elgar Way
1195,wangzhangqing,male        ,56,1650,Exhibition Center,720 Barnett Plaza
1196,xudeyong,male        ,47,1310,Exhibition Center,6 Hanover Street
1197,xuguixing,male        ,60,740,Exhibition Center,57233 Rusk Place
1198,yanglinlin,female        ,42,940,Exhibition Center,650 Caliangt Circle
1199,zhangsong,male        ,48,1310,Exhibition Center,784 Steensland Plaza
1200,zhaochunrong,male        ,60,940,Exhibition Center,690 Maple Court
1201,zhaoyaqin,female        ,41,1120,Exhibition Center,7 Westport Place
1202,zhenghuimin,female        ,40,740,Exhibition Center,1 Oak Valley Road
1203,zhengmei,female        ,50,850,Exhibition Center,48840 Farmco Trail
1204,zhourongquan,male        ,52,1310,Exhibition Center,5022 John Wall Parkway
1205,caoguixiang,male        ,57,1600,Support Department,15284 Pepper Wood Alley
1206,caolifeng,male        ,41,1650,Support Department,0662 Dahle Center
1207,chenjianrong,male        ,56,870,Support Department,7 Linden Place
1208,chenyongfu,male        ,56,1100,Support Department,03821 Oak Circle
1209,zhehongming,male        ,45,1600,Support Department,7580 Knutson Hill
1210,dongdong,male        ,36,780,Support Department,07645 School Lane
1211,dongjinrong,male        ,57,1680,Support Department,189 Eggendart Pass
1212,gaowenjin,male        ,59,1600,Support Department,747 Glacier Hill Road
1213,hanjiancheng,male        ,55,1170,Support Department,2 Sage Parkway
1214,huzhihong,female        ,49,780,Support Department,206 Jackson Court
1215,huzhiming,male        ,51,1170,Support Department,2600 Katie Junction
1216,jinguohua,male        ,55,1170,Support Department,106 Pepper Wood Pass
1217,laojianxiang,male        ,52,870,Support Department,234 Stang Way
1218,qianweixiang,male        ,46,860,Support Department,19 Judy Place
1219,qianyongwei,male        ,37,980,Support Department,09120 Nancy Place
1220,shenguixin,male        ,58,1600,Support Department,427 Prentice Parkway
1221,shoujing,female        ,52,870,Support Department,5 Brickson Park Avenue
1222,weihongli,male        ,50,1170,Support Department,2 Oneill Place
1223,xiehong,male        ,54,1310,Support Department,0 Coleman Junction
1224,xieluoyi,male        ,70,1600,Support Department,028 Mccormick Hill
1225,xuzhiming,male        ,55,870,Support Department,5746 David Crossing
1226,zhanghuigen,male        ,55,940,Support Department,8 Carioca Drive
1227,zhanghuiqing,male        ,54,870,Support Department,7 Buena Vista Trail
1228,zhongbaofu,male        ,62,1600,Support Department,03 Warbler Lane
1229,zhoujianjun,male        ,51,1310,Support Department,0443 Fallview Pass
1230,fengjianyao,male        ,47,1470,Property Department,226 Summit Street
1231,hanwenxiang,male        ,53,870,Property Department,34064 Corscot Plaza
1232,huchangming,male        ,53,870,Property Department,83985 Eagan Parkway
1233,huzhiguo,male        ,47,860,Property Department,68 Darwin Terrace
1234,huangyongneng,male        ,55,1650,Property Department,6 Hoepker Center
1235,jinguoliang,male        ,62,600,Property Department,4711 Oak Valley Place
1236,jinjijing,female        ,37,980,Property Department,640 Boyd Center
1237,liujing,female        ,43,1650,Property Department,82 Clarendon Hill
1238,qijun,male        ,49,870,Property Department,5 Golf Place
1239,renjingfeng,male        ,49,1650,Property Department,13 Logan Circle
1240,sunyuemei,female        ,50,1860,Property Department,63151 Ilene Point
1241,wanglinhong,female        ,41,1100,Property Department,67 Hollow Ridge Circle
1242,wangchundi,female        ,47,860,Property Department,59 Thierer Plaza
1243,wangyonggang,male        ,47,860,Property Department,730 Blaine Center
1244,wuwensen,male        ,38,1470,Property Department,2 Summerview Park
1245,xuyan,female        ,54,1310,Property Department,97714 Maywood Point
1246,yeyongping,male        ,48,870,Property Department,4 Lindbergh Drive
1247,zhangxia,female        ,49,1470,Property Department,1 Vermont Parkway
1248,zhaozhenjian,male        ,46,1600,Property Department,41 Bluestem Street
1249,zhaozhidong,male        ,53,1600,Property Department,3465 Karstens Trail
1250,zhaozhiyong,male        ,51,1600,Property Department,5823 Knutson Junction
1251,zhumeicheng,female        ,49,970,Property Department,3 Stoughton Street
1252,zhuyueming,male        ,55,850,Property Department,50424 Bonner Parkway